frb_name,q,b_a_psf,delta_q,inclination_angle,inc_psf,delta_inc_deg,n,n_psf,delta_n,Re,re_psf,delta_Re,chi2_nu,chi2nu_psf,delta_chi2nu
20211127I,0.9999919634105682,0.91,0.08999196341056814,0.2297067789898828,25.034111980900132,-24.80440520191025,1.7977728819558343,1.0,0.7977728819558343,8.535165737612434,15.5,-6.964834262387566,65455.67837386873,982681086.052,-982615630.3736262
20210410D,0.4062819613363062,0.14,0.26628196133630616,66.02851358929523,90.0,-23.97148641070477,7.999054048503798,1.0,6.999054048503798,2.483141600204613,2.99,-0.5068583997953873,0.0011684906262153,0.844,-0.8428315093737847
20220207C,0.224483079622153,0.21,0.014483079622153006,77.02751674347755,86.25295798574673,-9.225441242269184,0.5433431284297461,1.0,-0.4566568715702539,6.224184677395404,29.79,-23.565815322604596,17336.81449726338,130395015.263,-130377678.44850273
20220319D,0.8332629124923487,0.9,-0.06673708750765128,33.56460831969208,26.415550172000277,7.1490581476918,7.9999998244106205,1.0,6.9999998244106205,56.55648766871681,3.24,53.31648766871681,10983.763454205877,266664770.73,-266653786.9665458
20200906A,0.3220748542290416,0.32,0.0020748542290415783,71.2115502217082,75.2293197499286,-4.017769528220413,0.6800416012203827,1.0,-0.3199583987796173,1.5660975201961342,6.21,-4.643902479803866,0.0001352679209358,0.9,-0.8998647320790643
20211203C,0.4372963228661639,0.42,0.017296322866163893,64.06849727209922,67.85576776932919,-3.7872704972299687,2.130179025016944,1.0,1.1301790250169441,0.7351302128187891,2.76,-2.0248697871812107,0.0003604581741115,0.764,-0.7636395418258886
20190102C,0.4053497859399413,0.4,0.005349785939941287,66.08695161758351,69.29518894536457,-3.208237327781063,0.4018568174804847,1.0,-0.5981431825195154,1.0225131519228925,3.77,-2.7474868480771075,0.0003356665784846,0.742,-0.7416643334215154
20171020A,0.3918840185028071,0.39,0.001884018502807061,66.92822056594513,70.01845342807734,-3.0902328621322113,0.5591154881854311,0.54,0.019115488185431073,11.703323600118384,45.89,-34.18667639988162,7985.50099097937,170368836.361,-170360850.860009
20220509G,0.4001248350275049,0.4,0.00012483502750487707,66.41401725045166,69.29518894536457,-2.881171694912908,7.999955178692079,1.0,6.999955178692079,5.8408800155779135,11.12,-5.279119984422086,0.014459194511504,167.822,-167.8075408054885
20191001A,0.5321611157852845,0.52,0.012161115785284449,57.84841066356888,60.666125748797135,-2.817715085228258,0.5113874350184296,1.0,-0.48861256498157035,1.5652504077495046,6.61,-5.044749592250495,0.0036271731224555,8.774,-8.770372826877544
20190714A,0.3720375577016386,0.38,-0.007962442298361405,68.15866625879674,70.74502320571644,-2.586356946919693,0.4739762477295149,1.0,-0.5260237522704851,1.0373298646147455,4.15,-3.1126701353852546,0.0005658810392996,0.717,-0.7164341189607004
20190608B,0.6957938529180691,0.68,0.015793852918069007,45.9094891716795,48.446051289673186,-2.5365621179936824,3.183915074303697,1.0,2.183915074303697,1.9146898264926944,4.94,-3.025310173507306,0.0001787897787755,2.219,-2.2188212102212246
20180924B,0.6551203363846526,0.65,0.005120336384652591,49.07122487380214,50.859880152894384,-1.7886552790922465,5.47576741251372,1.0,4.47576741251372,0.9847351948622164,2.4,-1.4152648051377836,0.0002287925770783,0.862,-0.8617712074229217
20220914A,0.4739777396662407,0.49,-0.01602226033375931,61.70718839104671,62.83532000423217,-1.1281316131854666,4.18848432323753,1.0,3.18848432323753,1.611634909196456,3.92,-2.308365090803544,0.0006768011659994,0.901,-0.9003231988340006
20210320C,0.6771340949473509,0.7,-0.02286590505264907,47.37990499615114,46.79166084923599,0.5882441469151516,1.2017637747665844,1.0,0.20176377476658436,0.9584837290218772,3.61,-2.6515162709781226,0.0002821070092614,0.729,-0.7287178929907386
20220920A,0.8589219552566679,0.86,-0.0010780447433320628,30.804245274851155,31.387047821028517,-0.582802546177362,1.2271012007402786,1.0,0.22710120074027862,1.9224681720743897,6.87,-4.94753182792561,0.0002512569390506,1.085,-1.0847487430609493
20211212A,0.8266791292063991,0.83,-0.003320870793600883,34.2408996910663,34.69897927515612,-0.4580795840898162,1.023940029405286,1.0,0.023940029405286056,3.218936437777457,13.01,-9.791063562222543,0.0035675829059937,14.855,-14.851432417094006
20220307B,0.6361331466827412,0.65,-0.013866853317258787,50.49592140582726,50.859880152894384,-0.36395874706712306,0.5792171147389131,1.0,-0.42078288526108687,1.4149752731219671,6.3,-4.885024726878033,63745.92140316703,116517862.264,-116454116.34259683
20221012A,0.5176188911101087,0.55,-0.03238110888989132,58.82733347479547,58.472179090237866,0.3551543845576077,2.0870105514745068,1.0,1.0870105514745068,1.4372520866416705,4.98,-3.5427479133583297,0.0001074393046911,0.794,-0.7938925606953089
20220825A,0.6143430478282169,0.63,-0.01565695217178309,52.095799528349936,52.430007722821564,-0.3342081944716284,1.6040837148178584,1.0,0.6040837148178584,1.8473730578503555,5.89,-4.042626942149644,39387.703963405256,259015598.311,-258976210.6070366
20210807D,0.6835498226496056,0.7,-0.016450177350394335,46.878334624298645,46.79166084923599,0.08667377506265694,2.502991180318054,1.0,1.502991180318054,8.03073695424466,13.37,-5.33926304575534,45072.51877557063,217383562.096,-217338489.5772244
20220310F,0.6729997063176842,0.69,-0.017000293682315704,47.700992105765096,47.62375474517796,0.07723736058713371,1.950021618186904,1.0,0.9500216181869039,1.2313583983222571,4.3,-3.0686416016777427,7.409694894171706e-05,0.76,-0.7599259030510583
20220912A,0.620031459698975,0.64,-0.019968540301025017,51.68156813610314,51.64853587360453,0.033032262498608134,0.6517959485598708,1.0,-0.3482040514401292,1.228847187333462,5.42,-4.191152812666537,155892.0888489262,299588253.795,-299432361.70615107
